mv /opt/lampp/htdocs/mdBook/content/a\-autoridade\-delegada\-a\-assembleia\ \-\ R.\ Guillen.md /opt/lampp/htdocs/mdBook/content/a\-autoridade\-delegada\-a\-assembleia \- R. Guillen.md
mv /opt/lampp/htdocs/mdBook/content/a\-ceia\-do\-senhor\ \-\ C.\ H.\ Mackintosh.md /opt/lampp/htdocs/mdBook/content/a\-ceia\-do\-senhor \- C. H. Mackintosh.md
mv /opt/lampp/htdocs/mdBook/content/acontecimentos\-profeticos\ \-\ Bruce\ Anstey.md /opt/lampp/htdocs/mdBook/content/acontecimentos\-profeticos \- Bruce Anstey.md
mv /opt/lampp/htdocs/mdBook/content/a\-cruz\-e\-a\-Gloria\-E\-H\-Chater\ \-\ E.\ H.\ Chater.md /opt/lampp/htdocs/mdBook/content/a\-cruz\-e\-a\-Gloria\-E\-H\-Chater \- E. H. Chater.md
mv /opt/lampp/htdocs/mdBook/content/Adoracao\-Crista\-J\-N\-Darby\ \-\ J.\ N.\ Darby.md /opt/lampp/htdocs/mdBook/content/Adoracao\-Crista\-J\-N\-Darby \- J. N. Darby.md
mv /opt/lampp/htdocs/mdBook/content/A\-Expectativa\-H\-Witherby\ \-\ H.\ Witherby.md /opt/lampp/htdocs/mdBook/content/A\-Expectativa\-H\-Witherby \- H. Witherby.md
mv /opt/lampp/htdocs/mdBook/content/a\-fonte\ \-\ Desconhecido.md /opt/lampp/htdocs/mdBook/content/a\-fonte \- Desconhecido.md
mv /opt/lampp/htdocs/mdBook/content/a\-historia\-da\-igreja\-andrew\-miller\ \-\ Andrew\ Miller.md /opt/lampp/htdocs/mdBook/content/a\-historia\-da\-igreja\-andrew\-miller \- Andrew Miller.md
mv /opt/lampp/htdocs/mdBook/content/a\-humanidade\-sem\-pecado\-de\-nosso\-senhor\-je\ \-\ G.\ H.\ Hayhoe.md /opt/lampp/htdocs/mdBook/content/a\-humanidade\-sem\-pecado\-de\-nosso\-senhor\-je \- G. H. Hayhoe.md
mv /opt/lampp/htdocs/mdBook/content/A\-igreja\-A\-H\-Rule\ \-\ A.\ H.\ Rule.md /opt/lampp/htdocs/mdBook/content/A\-igreja\-A\-H\-Rule \- A. H. Rule.md
mv /opt/lampp/htdocs/mdBook/content/a\-igreja\-do\-deus\-vivo\ \-\ G.\ H.\ Hayhoe.md /opt/lampp/htdocs/mdBook/content/a\-igreja\-do\-deus\-vivo \- G. H. Hayhoe.md
mv /opt/lampp/htdocs/mdBook/content/A\-igreja\-e\-a\-tribulacao\-C\-H\-Mackintosh\ \-\ Desconhecido.md /opt/lampp/htdocs/mdBook/content/A\-igreja\-e\-a\-tribulacao\-C\-H\-Mackintosh \- Desconhecido.md
mv /opt/lampp/htdocs/mdBook/content/algumas\-marcas\-da\-igreja\-de\-deus\ \-\ Edward\ Dennett.md /opt/lampp/htdocs/mdBook/content/algumas\-marcas\-da\-igreja\-de\-deus \- Edward Dennett.md
mv /opt/lampp/htdocs/mdBook/content/aliancas\ \-\ Morrish\ Bible\ Dictionary.md /opt/lampp/htdocs/mdBook/content/aliancas \- Morrish Bible Dictionary.md
mv /opt/lampp/htdocs/mdBook/content/amando\-a\-sua\-vinda\ \-\ H.\ H.\ Snell.md /opt/lampp/htdocs/mdBook/content/amando\-a\-sua\-vinda \- H. H. Snell.md
mv /opt/lampp/htdocs/mdBook/content/A\-MENTIRA\ \-\ Desconhecido.md /opt/lampp/htdocs/mdBook/content/A\-MENTIRA \- Desconhecido.md
mv /opt/lampp/htdocs/mdBook/content/A\-Mesa\-do\-Senhor\-D\-Rule\ \-\ D.\ Rule.md /opt/lampp/htdocs/mdBook/content/A\-Mesa\-do\-Senhor\-D\-Rule \- D. Rule.md
mv /opt/lampp/htdocs/mdBook/content/a\-morte\-o\-estado\-intermediario\-a\-ressurrei\ \-\ Bruce\ Anstey.md /opt/lampp/htdocs/mdBook/content/a\-morte\-o\-estado\-intermediario\-a\-ressurrei \- Bruce Anstey.md
mv /opt/lampp/htdocs/mdBook/content/a\-mulher\-seu\-lugar\-nas\-escrituras\ \-\ A.\ J.\ Pollock.md /opt/lampp/htdocs/mdBook/content/a\-mulher\-seu\-lugar\-nas\-escrituras \- A. J. Pollock.md
mv /opt/lampp/htdocs/mdBook/content/A\-nossa\-esperanca\-J\-N\-DARBY\ \-\ J.\ N.\ Darby.md /opt/lampp/htdocs/mdBook/content/A\-nossa\-esperanca\-J\-N\-DARBY \- J. N. Darby.md
mv /opt/lampp/htdocs/mdBook/content/a\-obra\-do\-evangelho\ \-\ Charles\ Stanley.md /opt/lampp/htdocs/mdBook/content/a\-obra\-do\-evangelho \- Charles Stanley.md
mv /opt/lampp/htdocs/mdBook/content/A\-oferta\-crista\-e\-o\-dizimo\-J\-H\-SMITH\ \-\ J.\ H.\ Smith.md /opt/lampp/htdocs/mdBook/content/A\-oferta\-crista\-e\-o\-dizimo\-J\-H\-SMITH \- J. H. Smith.md
mv /opt/lampp/htdocs/mdBook/content/A\-opiniao\-publica\-C\-Buchanan\ \-\ C.\ Buchanan.md /opt/lampp/htdocs/mdBook/content/A\-opiniao\-publica\-C\-Buchanan \- C. Buchanan.md
mv /opt/lampp/htdocs/mdBook/content/a\-oracao\-e\-as\-reunioes\-de\-oracao\ \-\ C.\ H.\ Mackintosh.md /opt/lampp/htdocs/mdBook/content/a\-oracao\-e\-as\-reunioes\-de\-oracao \- C. H. Mackintosh.md
mv /opt/lampp/htdocs/mdBook/content/a\-oracao\-e\-o\-mundo\-invisivel\-paul\-wilson\ \-\ Paul\ Wilson.md /opt/lampp/htdocs/mdBook/content/a\-oracao\-e\-o\-mundo\-invisivel\-paul\-wilson \- Paul Wilson.md
mv /opt/lampp/htdocs/mdBook/content/a\-ordem\-de\-deus\ \-\ Bruce\ Anstey.md /opt/lampp/htdocs/mdBook/content/a\-ordem\-de\-deus \- Bruce Anstey.md
mv /opt/lampp/htdocs/mdBook/content/ao\-seu\-nome\ \-\ Bruce\ Anstey.md /opt/lampp/htdocs/mdBook/content/ao\-seu\-nome \- Bruce Anstey.md
mv /opt/lampp/htdocs/mdBook/content/A\-PORTEIRA\-CHRISTIAN\-TREASURY\ \-\ Christian\ Treasury.md /opt/lampp/htdocs/mdBook/content/A\-PORTEIRA\-CHRISTIAN\-TREASURY \- Christian Treasury.md
mv /opt/lampp/htdocs/mdBook/content/a\-presenca\-e\-o\-poder\-do\-espirito\-de\-deus\-b\ \-\ Bruce\ Anstey.md /opt/lampp/htdocs/mdBook/content/a\-presenca\-e\-o\-poder\-do\-espirito\-de\-deus\-b \- Bruce Anstey.md
mv /opt/lampp/htdocs/mdBook/content/A\-Salvacao\-e\-para\-sempre\-RON\-REEVES\ \-\ Ron\ Reeves.md /opt/lampp/htdocs/mdBook/content/A\-Salvacao\-e\-para\-sempre\-RON\-REEVES \- Ron Reeves.md
mv /opt/lampp/htdocs/mdBook/content/As\-cartas\-as\-7\-igrejas\ \-\ Desconhecido.md /opt/lampp/htdocs/mdBook/content/As\-cartas\-as\-7\-igrejas \- Desconhecido.md
mv /opt/lampp/htdocs/mdBook/content/as\-duas\-naturezas\-no\-crente\-g\-h\-hayhoe\ \-\ G.\ H.\ Hayhoe.md /opt/lampp/htdocs/mdBook/content/as\-duas\-naturezas\-no\-crente\-g\-h\-hayhoe \- G. H. Hayhoe.md
mv /opt/lampp/htdocs/mdBook/content/as\-verdades\-absolutas\-de\-Deus\-J\-K\ \-\ J.\ K_.md /opt/lampp/htdocs/mdBook/content/as\-verdades\-absolutas\-de\-Deus\-J\-K \- J. K_.md
mv /opt/lampp/htdocs/mdBook/content/a\-total\-suficiencia\-de\-cristo\ \-\ C.\ H.\ Mackintosh.md /opt/lampp/htdocs/mdBook/content/a\-total\-suficiencia\-de\-cristo \- C. H. Mackintosh.md
mv /opt/lampp/htdocs/mdBook/content/A\-ULTIMA\-TROMBETA\-F\-G\-PATTERSON\ \-\ F.\ G.\ Patterson.md /opt/lampp/htdocs/mdBook/content/A\-ULTIMA\-TROMBETA\-F\-G\-PATTERSON \- F. G. Patterson.md
mv /opt/lampp/htdocs/mdBook/content/auxilio\-ou\-empecilho\-c.\-h.\-mackintosh\ \-\ C.\ H.\ Mackintosh.md /opt/lampp/htdocs/mdBook/content/auxilio\-ou\-empecilho\-c.\-h.\-mackintosh \- C. H. Mackintosh.md
mv /opt/lampp/htdocs/mdBook/content/a\-verdaderia\-igreja\-o\-corpo\-e\-a\-esposa\-de\-\ \-\ Desconhecido.md /opt/lampp/htdocs/mdBook/content/a\-verdaderia\-igreja\-o\-corpo\-e\-a\-esposa\-de\- \- Desconhecido.md
mv /opt/lampp/htdocs/mdBook/content/A\-VINDA\-DE\-CRISTO\-BRUCE\-ANSTEY\ \-\ Bruce\ Anstey.md /opt/lampp/htdocs/mdBook/content/A\-VINDA\-DE\-CRISTO\-BRUCE\-ANSTEY \- Bruce Anstey.md
mv /opt/lampp/htdocs/mdBook/content/a\-vinda\-do\-senhor\ \-\ C.\ H.\ Mackintosh.md /opt/lampp/htdocs/mdBook/content/a\-vinda\-do\-senhor \- C. H. Mackintosh.md
mv /opt/lampp/htdocs/mdBook/content/a\-vinha\-de\-nabote\-clarence\-lunden\ \-\ Clarence\ Lunden.md /opt/lampp/htdocs/mdBook/content/a\-vinha\-de\-nabote\-clarence\-lunden \- Clarence Lunden.md
mv /opt/lampp/htdocs/mdBook/content/a\-vitoria\-de\-jose\ \-\ Desconhecido.md /opt/lampp/htdocs/mdBook/content/a\-vitoria\-de\-jose \- Desconhecido.md
mv /opt/lampp/htdocs/mdBook/content/carater\-de\-familia\-e\-religiao\-de\-familia\ \-\ J.\ G.\ BELLET.md /opt/lampp/htdocs/mdBook/content/carater\-de\-familia\-e\-religiao\-de\-familia \- J. G. BELLET.md
mv /opt/lampp/htdocs/mdBook/content/carta\-a\-um\-novo\-convertido\ \-\ Edward\ Dennett.md /opt/lampp/htdocs/mdBook/content/carta\-a\-um\-novo\-convertido \- Edward Dennett.md
mv /opt/lampp/htdocs/mdBook/content/cartas\-aos\-evangelistas\ \-\ C.\ H.\ Mackintosh.md /opt/lampp/htdocs/mdBook/content/cartas\-aos\-evangelistas \- C. H. Mackintosh.md
mv /opt/lampp/htdocs/mdBook/content/cobertura\-para\-a\-cabeca\-robert\-boulard\ \-\ Robert\ Boulard.md /opt/lampp/htdocs/mdBook/content/cobertura\-para\-a\-cabeca\-robert\-boulard \- Robert Boulard.md
mv /opt/lampp/htdocs/mdBook/content/comentarios\-leviticos\ \-\ Jean\ koechlin.md /opt/lampp/htdocs/mdBook/content/comentarios\-leviticos \- Jean koechlin.md
mv /opt/lampp/htdocs/mdBook/content/como\-educar\-a\-crianca\ \-j.\-c.\-ryle\ \-\ J.\ C.\ Ryle.md /opt/lampp/htdocs/mdBook/content/como\-educar\-a\-crianca \-j.\-c.\-ryle \- J. C. Ryle.md
mv /opt/lampp/htdocs/mdBook/content/considerando\-meu\-irmao\ \-\ Desconhecido.md /opt/lampp/htdocs/mdBook/content/considerando\-meu\-irmao \- Desconhecido.md
mv /opt/lampp/htdocs/mdBook/content/Cristo\-a\-Sabedoria\-de\-Deus\-para\-o\-Caminho\-\ \-\ G.\ H.\ Hayhoe.md /opt/lampp/htdocs/mdBook/content/Cristo\-a\-Sabedoria\-de\-Deus\-para\-o\-Caminho\- \- G. H. Hayhoe.md
mv /opt/lampp/htdocs/mdBook/content/cristo\-nossa\-vida_\ \-\ Edward\ Dennett.md /opt/lampp/htdocs/mdBook/content/cristo\-nossa\-vida_ \- Edward Dennett.md
mv /opt/lampp/htdocs/mdBook/content/cristo\-nosso\-pastor\-edward\-dennett\ \-\ Edward\ Dennett.md /opt/lampp/htdocs/mdBook/content/cristo\-nosso\-pastor\-edward\-dennett \- Edward Dennett.md
mv /opt/lampp/htdocs/mdBook/content/cristo\-nosso\-redentor\-edward\-dennett\ \-\ Edward\ Dennett.md /opt/lampp/htdocs/mdBook/content/cristo\-nosso\-redentor\-edward\-dennett \- Edward Dennett.md
mv /opt/lampp/htdocs/mdBook/content/cristo,\-o\-centro\-porque\-nos\-reunimos\-som\-c\ \-\ Charles\ Stanley.md /opt/lampp/htdocs/mdBook/content/cristo,\-o\-centro\-porque\-nos\-reunimos\-som\-c \- Charles Stanley.md
mv /opt/lampp/htdocs/mdBook/content/cristo\-para\-meus\-pecados\-cristo\-para\-meus\-\ \-\ J.\ N.\ Darby.md /opt/lampp/htdocs/mdBook/content/cristo\-para\-meus\-pecados\-cristo\-para\-meus\- \- J. N. Darby.md
mv /opt/lampp/htdocs/mdBook/content/Deus\-Esta\-em\-todas\-as\-Circunstancias\-C\-H\-M\ \-\ C.\ H.\ Mackintosh.md /opt/lampp/htdocs/mdBook/content/Deus\-Esta\-em\-todas\-as\-Circunstancias\-C\-H\-M \- C. H. Mackintosh.md
mv /opt/lampp/htdocs/mdBook/content/dois\-dias\-nas\-escrituras\-bruce\-anstey\ \-\ Bruce\ Anstey.md /opt/lampp/htdocs/mdBook/content/dois\-dias\-nas\-escrituras\-bruce\-anstey \- Bruce Anstey.md
mv /opt/lampp/htdocs/mdBook/content/escolhas\-l\-c\-perry.jpeg\ \-\ L.\ C.\ Perry.md /opt/lampp/htdocs/mdBook/content/escolhas\-l\-c\-perry.jpeg \- L. C. Perry.md
mv /opt/lampp/htdocs/mdBook/content/espere\-r\-pilkington\ \-\ R.\ Pilkington.md /opt/lampp/htdocs/mdBook/content/espere\-r\-pilkington \- R. Pilkington.md
mv /opt/lampp/htdocs/mdBook/content/eu\-sou\-do\-senhor\-E\-J\-Checkley\ \-\ E.\ J.\ Checkley.md /opt/lampp/htdocs/mdBook/content/eu\-sou\-do\-senhor\-E\-J\-Checkley \- E. J. Checkley.md
mv /opt/lampp/htdocs/mdBook/content/homem\-e\-mulher\-os\-papeis\-distintos\-na\-casa\ \-\ Bruce\ Anstey.md /opt/lampp/htdocs/mdBook/content/homem\-e\-mulher\-os\-papeis\-distintos\-na\-casa \- Bruce Anstey.md
mv /opt/lampp/htdocs/mdBook/content/JESUS\-NAO\-PODERIA\-PECAR\-WILLIAM\-MACDONALD\ \-\ William\ Macdonald.md /opt/lampp/htdocs/mdBook/content/JESUS\-NAO\-PODERIA\-PECAR\-WILLIAM\-MACDONALD \- William Macdonald.md
mv /opt/lampp/htdocs/mdBook/content/jonatas\-faltou\-uma\-coisa\-charles\-stanley\ \-\ Charles\ Stanley.md /opt/lampp/htdocs/mdBook/content/jonatas\-faltou\-uma\-coisa\-charles\-stanley \- Charles Stanley.md
mv /opt/lampp/htdocs/mdBook/content/Jugo\-Desigual\-C\-H\-Mackintosh\ \-\ C.\ H.\ Mackintosh.md /opt/lampp/htdocs/mdBook/content/Jugo\-Desigual\-C\-H\-Mackintosh \- C. H. Mackintosh.md
mv /opt/lampp/htdocs/mdBook/content/linguas\-e\-outros\-dons\-de\-sinais\-seu\-lugar\-\ \-\ G.\ H.\ Hayhoe.md /opt/lampp/htdocs/mdBook/content/linguas\-e\-outros\-dons\-de\-sinais\-seu\-lugar\- \- G. H. Hayhoe.md
mv /opt/lampp/htdocs/mdBook/content/longe\-do\-arraial\-fora\-do\-arraial\-autor\-des\ \-\ Desconhecido.md /opt/lampp/htdocs/mdBook/content/longe\-do\-arraial\-fora\-do\-arraial\-autor\-des \- Desconhecido.md
mv /opt/lampp/htdocs/mdBook/content/luz\-para\-as\-almas\-ansiosas\ \-\ g\ Cutting.md /opt/lampp/htdocs/mdBook/content/luz\-para\-as\-almas\-ansiosas \- g Cutting.md
mv /opt/lampp/htdocs/mdBook/content/MEDO\-DE\-PERDER\-A\-SALVACAO\ \-\ Desconhecido.md /opt/lampp/htdocs/mdBook/content/MEDO\-DE\-PERDER\-A\-SALVACAO \- Desconhecido.md
mv /opt/lampp/htdocs/mdBook/content/mefibosete\-a\-bondade\-de\-deus\-charles\-stanl\ \-\ Charles\ Stanley.md /opt/lampp/htdocs/mdBook/content/mefibosete\-a\-bondade\-de\-deus\-charles\-stanl \- Charles Stanley.md
mv /opt/lampp/htdocs/mdBook/content/minha\-decisao\-edward\-dennett\ \-\ Edward\ Dennett.md /opt/lampp/htdocs/mdBook/content/minha\-decisao\-edward\-dennett \- Edward Dennett.md
mv /opt/lampp/htdocs/mdBook/content/Missionarios\-K\-Heslop\ \-\ K.\ Heslop.md /opt/lampp/htdocs/mdBook/content/Missionarios\-K\-Heslop \- K. Heslop.md
mv /opt/lampp/htdocs/mdBook/content/MUSICA\-INSTRUMENTAL\-NAS\-REUNIOES\-C\-BUCHANA\ \-\ C.\ Buchanan.md /opt/lampp/htdocs/mdBook/content/MUSICA\-INSTRUMENTAL\-NAS\-REUNIOES\-C\-BUCHANA \- C. Buchanan.md
mv /opt/lampp/htdocs/mdBook/content/NAAMA\-O\-LEPROSO\-CHARLES\-STANLEY\ \-\ Charles\ Stanley.md /opt/lampp/htdocs/mdBook/content/NAAMA\-O\-LEPROSO\-CHARLES\-STANLEY \- Charles Stanley.md
mv /opt/lampp/htdocs/mdBook/content/Nao\-estejais\-inquietos\-por\-coisa\-alguma\-H\-\ \-\ H.\ Smith.md /opt/lampp/htdocs/mdBook/content/Nao\-estejais\-inquietos\-por\-coisa\-alguma\-H\- \- H. Smith.md
mv /opt/lampp/htdocs/mdBook/content/NAO\-REPOUSES\-A\-TUA\-MAO\ \-\ Desconhecido.md /opt/lampp/htdocs/mdBook/content/NAO\-REPOUSES\-A\-TUA\-MAO \- Desconhecido.md
mv /opt/lampp/htdocs/mdBook/content/Nao\-vos\-comove\-isto\-R\-Erisman\ \-\ R.\ Erisman.md /opt/lampp/htdocs/mdBook/content/Nao\-vos\-comove\-isto\-R\-Erisman \- R. Erisman.md
mv /opt/lampp/htdocs/mdBook/content/NO\-MUNDO\-MAS\-NAO\-DO\-MUNDO\-W\-J\-PROST\ \-\ W.\ J.\ Prost.md /opt/lampp/htdocs/mdBook/content/NO\-MUNDO\-MAS\-NAO\-DO\-MUNDO\-W\-J\-PROST \- W. J. Prost.md
mv /opt/lampp/htdocs/mdBook/content/nossa\-luta\-J\-H\-Smith\ \-\ J.\ H.\ Smith.md /opt/lampp/htdocs/mdBook/content/nossa\-luta\-J\-H\-Smith \- J. H. Smith.md
mv /opt/lampp/htdocs/mdBook/content/NOSSO\-SENHOR\-JESUS\-CRISTO\-H\-E\-HAYHOE\ \-\ H.\ E.\ Hayhoe.md /opt/lampp/htdocs/mdBook/content/NOSSO\-SENHOR\-JESUS\-CRISTO\-H\-E\-HAYHOE \- H. E. Hayhoe.md
mv /opt/lampp/htdocs/mdBook/content/NOTAS\-SOBRE\-O\-SALMO\-2\ \-\ Desconhecido.md /opt/lampp/htdocs/mdBook/content/NOTAS\-SOBRE\-O\-SALMO\-2 \- Desconhecido.md
mv /opt/lampp/htdocs/mdBook/content/nunca\-g.\-cutting\ \-\ g\ Cutting.md /opt/lampp/htdocs/mdBook/content/nunca\-g.\-cutting \- g Cutting.md
mv /opt/lampp/htdocs/mdBook/content/o\-amigo\-e\-as\-coisas\-que\-nunca\-mudam\-gordon\ \-\ G.\ H.\ Hayhoe.md /opt/lampp/htdocs/mdBook/content/o\-amigo\-e\-as\-coisas\-que\-nunca\-mudam\-gordon \- G. H. Hayhoe.md
mv /opt/lampp/htdocs/mdBook/content/o\-apocalipse\-e\-o\-reino\-cronologia\-dos\-ev\-c\ \-\ Clarence\ Lunden.md /opt/lampp/htdocs/mdBook/content/o\-apocalipse\-e\-o\-reino\-cronologia\-dos\-ev\-c \- Clarence Lunden.md
mv /opt/lampp/htdocs/mdBook/content/o\-caminho\-de\-deus\-e\-como\-encontra\-lo\-c.\-h.\ \-\ C.\ H.\ Mackintosh.md /opt/lampp/htdocs/mdBook/content/o\-caminho\-de\-deus\-e\-como\-encontra\-lo\-c.\-h. \- C. H. Mackintosh.md
mv /opt/lampp/htdocs/mdBook/content/o\-caminho\-de\-deus\-para\-o\-descanso\-poder\-e\-\ \-\ Edward\ Dennett.md /opt/lampp/htdocs/mdBook/content/o\-caminho\-de\-deus\-para\-o\-descanso\-poder\-e\- \- Edward Dennett.md
mv /opt/lampp/htdocs/mdBook/content/O\-Cantico\-dos\-Canticos\-do\-Noivo\-C\-E\-Lunden\ \-\ Clarence\ Lunden.md /opt/lampp/htdocs/mdBook/content/O\-Cantico\-dos\-Canticos\-do\-Noivo\-C\-E\-Lunden \- Clarence Lunden.md
mv /opt/lampp/htdocs/mdBook/content/o\-centro\-de\-todo\-descanso\-e.\-j.\-checkley\ \-\ E.\ J.\ Checkley.md /opt/lampp/htdocs/mdBook/content/o\-centro\-de\-todo\-descanso\-e.\-j.\-checkley \- E. J. Checkley.md
mv /opt/lampp/htdocs/mdBook/content/O\ CHAMADO\ DE\ DEUS\ \-\ J.\ G.\ BELLET.md /opt/lampp/htdocs/mdBook/content/O CHAMADO DE DEUS \- J. G. BELLET.md
mv /opt/lampp/htdocs/mdBook/content/o\-diadema\-perdido\-f.\-b.\-hole\ \-\ F.\ B.\ Hole.md /opt/lampp/htdocs/mdBook/content/o\-diadema\-perdido\-f.\-b.\-hole \- F. B. Hole.md
mv /opt/lampp/htdocs/mdBook/content/O\-Espirito\-De\-Graca\-C\-Buchaman\ \-\ C.\ Buchanan.md /opt/lampp/htdocs/mdBook/content/O\-Espirito\-De\-Graca\-C\-Buchaman \- C. Buchanan.md
mv /opt/lampp/htdocs/mdBook/content/o\-espirito\-santo\-h.\-e.\-hayhoe\ \-\ H.\ E.\ Hayhoe.md /opt/lampp/htdocs/mdBook/content/o\-espirito\-santo\-h.\-e.\-hayhoe \- H. E. Hayhoe.md
mv /opt/lampp/htdocs/mdBook/content/o\-evangelho\-em\-3\-min\-joao\ \-\ Mario\ Persona.md /opt/lampp/htdocs/mdBook/content/o\-evangelho\-em\-3\-min\-joao \- Mario Persona.md
mv /opt/lampp/htdocs/mdBook/content/o\-evangelho\-em\-3\-min\-lucas\ \-\ Mario\ Persona.md /opt/lampp/htdocs/mdBook/content/o\-evangelho\-em\-3\-min\-lucas \- Mario Persona.md
mv /opt/lampp/htdocs/mdBook/content/o\-evangelho\-em\-3\-min\-mateus\ \-\ Mario\ Persona.md /opt/lampp/htdocs/mdBook/content/o\-evangelho\-em\-3\-min\-mateus \- Mario Persona.md
mv /opt/lampp/htdocs/mdBook/content/o\-falar\-em\-linguas\-e\-o\-movimento\-carismati\ \-\ G.\ Steidl,\ W.\ Missen.md /opt/lampp/htdocs/mdBook/content/o\-falar\-em\-linguas\-e\-o\-movimento\-carismati \- G. Steidl, W. Missen.md
mv /opt/lampp/htdocs/mdBook/content/O\-FALSO\-MESSIAS\-W\-SCOTT\ \-\ W.\ Scott.md /opt/lampp/htdocs/mdBook/content/O\-FALSO\-MESSIAS\-W\-SCOTT \- W. Scott.md
mv /opt/lampp/htdocs/mdBook/content/O\-fariseu\-o\-publicano\-e\-um\-homem\-em\-Cristo\ \-\ J.\ N.\ Darby.md /opt/lampp/htdocs/mdBook/content/O\-fariseu\-o\-publicano\-e\-um\-homem\-em\-Cristo \- J. N. Darby.md
mv /opt/lampp/htdocs/mdBook/content/o\-filho\-de\-deus\-hamilton\-smith\ \-\ H.\ Smith.md /opt/lampp/htdocs/mdBook/content/o\-filho\-de\-deus\-hamilton\-smith \- H. Smith.md
mv /opt/lampp/htdocs/mdBook/content/o\-fim\-de\-uma\-jornada\ \-\ Desconhecido.md /opt/lampp/htdocs/mdBook/content/o\-fim\-de\-uma\-jornada \- Desconhecido.md
mv /opt/lampp/htdocs/mdBook/content/o\-grande\-plano\-de\-deus\-d.\-rule\ \-\ D.\ Rule.md /opt/lampp/htdocs/mdBook/content/o\-grande\-plano\-de\-deus\-d.\-rule \- D. Rule.md
mv /opt/lampp/htdocs/mdBook/content/o\-livro\-de\-ester\-w.\-kelly\ \-\ W.\ Kelly.md /opt/lampp/htdocs/mdBook/content/o\-livro\-de\-ester\-w.\-kelly \- W. Kelly.md
mv /opt/lampp/htdocs/mdBook/content/o\-mesmo\-senhor\-descera\-do\-ceu\-j.\-n.\-darby\ \-\ J.\ N.\ Darby.md /opt/lampp/htdocs/mdBook/content/o\-mesmo\-senhor\-descera\-do\-ceu\-j.\-n.\-darby \- J. N. Darby.md
mv /opt/lampp/htdocs/mdBook/content/O\-mundo\-invisivel\-iremos\-nos\-conhecer\-no\-c\ \-\ J.\ R.\ Gill.md /opt/lampp/htdocs/mdBook/content/O\-mundo\-invisivel\-iremos\-nos\-conhecer\-no\-c \- J. R. Gill.md
mv /opt/lampp/htdocs/mdBook/content/o\-que\-a\-biblia\-diz\-sobre\-romance\-namoro\ \-\ Douglas\ Nicolas.md /opt/lampp/htdocs/mdBook/content/o\-que\-a\-biblia\-diz\-sobre\-romance\-namoro \- Douglas Nicolas.md
mv /opt/lampp/htdocs/mdBook/content/os\-desapontamentos\-da\-vida\ \-\ Laura\ A.\ B.\ Snow.md /opt/lampp/htdocs/mdBook/content/os\-desapontamentos\-da\-vida \- Laura A. B. Snow.md
mv /opt/lampp/htdocs/mdBook/content/os\-dez\-mandamentos\-c.\-h.\-brown\ \-\ C.\ H.\ brown.md /opt/lampp/htdocs/mdBook/content/os\-dez\-mandamentos\-c.\-h.\-brown \- C. H. brown.md
mv /opt/lampp/htdocs/mdBook/content/o\-servo\-vigilante\-a\-vinda\-do\-senhor\-john\-n\ \-\ J.\ N.\ Darby.md /opt/lampp/htdocs/mdBook/content/o\-servo\-vigilante\-a\-vinda\-do\-senhor\-john\-n \- J. N. Darby.md
mv /opt/lampp/htdocs/mdBook/content/os\-limites\-da\-disciplina.md /opt/lampp/htdocs/mdBook/content/os\-limites\-da\-disciplina.md
mv /opt/lampp/htdocs/mdBook/content/os\-sofrimentos\-e\-as\-glorias\-de\-cristo\-sa\-j\ \-\ J.\ N.\ Darby.md /opt/lampp/htdocs/mdBook/content/os\-sofrimentos\-e\-as\-glorias\-de\-cristo\-sa\-j \- J. N. Darby.md
mv /opt/lampp/htdocs/mdBook/content/o\-tribunal\-de\-cristo\-bruce\-anstey\ \-\ Bruce\ Anstey.md /opt/lampp/htdocs/mdBook/content/o\-tribunal\-de\-cristo\-bruce\-anstey \- Bruce Anstey.md
mv /opt/lampp/htdocs/mdBook/content/o\-vinculo\-matrimonial\-c.\-h.\-hayhoe\ \-\ G.\ H.\ Hayhoe.md /opt/lampp/htdocs/mdBook/content/o\-vinculo\-matrimonial\-c.\-h.\-hayhoe \- G. H. Hayhoe.md
mv /opt/lampp/htdocs/mdBook/content/parabolas\-de\-mateus\-13\-w.\-kelly\ \-\ W.\ Kelly.md /opt/lampp/htdocs/mdBook/content/parabolas\-de\-mateus\-13\-w.\-kelly \- W. Kelly.md
mv /opt/lampp/htdocs/mdBook/content/PARA\-QUE\-SERVEM\-OS\-MILAGRES\-W\-FEREDAY\ \-\ W.\ Fereday.md /opt/lampp/htdocs/mdBook/content/PARA\-QUE\-SERVEM\-OS\-MILAGRES\-W\-FEREDAY \- W. Fereday.md
mv /opt/lampp/htdocs/mdBook/content/participantes\-da\-natureza\-divina\-2\-pedro\-1\ \-\ W.\ T.\ P.\ Wolston.md /opt/lampp/htdocs/mdBook/content/participantes\-da\-natureza\-divina\-2\-pedro\-1 \- W. T. P. Wolston.md
mv /opt/lampp/htdocs/mdBook/content/pedras\-grandes\-e\-preciosas\-charles\-stanley\ \-\ Charles\ Stanley.md /opt/lampp/htdocs/mdBook/content/pedras\-grandes\-e\-preciosas\-charles\-stanley \- Charles Stanley.md
mv /opt/lampp/htdocs/mdBook/content/politica\-paul\-wilson\ \-\ Paul\ Wilson.md /opt/lampp/htdocs/mdBook/content/politica\-paul\-wilson \- Paul Wilson.md
mv /opt/lampp/htdocs/mdBook/content/por\-causa\-dos\-anjos\-paul\-wilson\ \-\ Paul\ Wilson.md /opt/lampp/htdocs/mdBook/content/por\-causa\-dos\-anjos\-paul\-wilson \- Paul Wilson.md
mv /opt/lampp/htdocs/mdBook/content/porque\-nos\-reunimos\-assim\ \-\ J.\ R.\ Gill.md /opt/lampp/htdocs/mdBook/content/porque\-nos\-reunimos\-assim \- J. R. Gill.md
mv /opt/lampp/htdocs/mdBook/content/POR\-SEUS\-FRUTOS\ \-\ Desconhecido.md /opt/lampp/htdocs/mdBook/content/POR\-SEUS\-FRUTOS \- Desconhecido.md
mv /opt/lampp/htdocs/mdBook/content/principios\-fundamentais\-sobre\-os\-quais\-a\-i\ \-\ C.\ H.\ brown.md /opt/lampp/htdocs/mdBook/content/principios\-fundamentais\-sobre\-os\-quais\-a\-i \- C. H. brown.md
mv /opt/lampp/htdocs/mdBook/content/qual\-o\-teu\-Destino\ \-\ Diversos.md /opt/lampp/htdocs/mdBook/content/qual\-o\-teu\-Destino \- Diversos.md
mv /opt/lampp/htdocs/mdBook/content/que\-denominacao\-e\-esta\-autor\-desconhecido\ \-\ Desconhecido.md /opt/lampp/htdocs/mdBook/content/que\-denominacao\-e\-esta\-autor\-desconhecido \- Desconhecido.md
mv /opt/lampp/htdocs/mdBook/content/Quem\-Despreza\-O\-Dia\-Das\-Coisas\-Pequenas\-J\-\ \-\ J.\ T.\ Armet.md /opt/lampp/htdocs/mdBook/content/Quem\-Despreza\-O\-Dia\-Das\-Coisas\-Pequenas\-J\- \- J. T. Armet.md
mv /opt/lampp/htdocs/mdBook/content/Quem\-e\-Jesus\-K\-Heslop\ \-\ K.\ Heslop.md /opt/lampp/htdocs/mdBook/content/Quem\-e\-Jesus\-K\-Heslop \- K. Heslop.md
mv /opt/lampp/htdocs/mdBook/content/respondi\-volume\-1\ \-\ Mario\ Persona.md /opt/lampp/htdocs/mdBook/content/respondi\-volume\-1 \- Mario Persona.md
mv /opt/lampp/htdocs/mdBook/content/respondi\-volume\-2\ \-\ Mario\ Persona.md /opt/lampp/htdocs/mdBook/content/respondi\-volume\-2 \- Mario Persona.md
mv /opt/lampp/htdocs/mdBook/content/respondi\-volume\-3\ \-\ Mario\ Persona.md /opt/lampp/htdocs/mdBook/content/respondi\-volume\-3 \- Mario Persona.md
mv /opt/lampp/htdocs/mdBook/content/respondi\-volume\-4\ \-\ Mario\ Persona.md /opt/lampp/htdocs/mdBook/content/respondi\-volume\-4 \- Mario Persona.md
mv /opt/lampp/htdocs/mdBook/content/respondi\-volume\-5\ \-\ Mario\ Persona.md /opt/lampp/htdocs/mdBook/content/respondi\-volume\-5 \- Mario Persona.md
mv /opt/lampp/htdocs/mdBook/content/respondi\-volume\-6\ \-\ Mario\ Persona.md /opt/lampp/htdocs/mdBook/content/respondi\-volume\-6 \- Mario Persona.md
mv /opt/lampp/htdocs/mdBook/content/respondi\-volume\-7\ \-\ Mario\ Persona.md /opt/lampp/htdocs/mdBook/content/respondi\-volume\-7 \- Mario Persona.md
mv /opt/lampp/htdocs/mdBook/content/respondi\-volume\-8\ \-\ Mario\ Persona.md /opt/lampp/htdocs/mdBook/content/respondi\-volume\-8 \- Mario Persona.md
mv /opt/lampp/htdocs/mdBook/content/respondi\-volume\-9\ \-\ Mario\ Persona.md /opt/lampp/htdocs/mdBook/content/respondi\-volume\-9 \- Mario Persona.md
mv /opt/lampp/htdocs/mdBook/content/respondi\-volume\-10\ \-\ Mario\ Persona.md /opt/lampp/htdocs/mdBook/content/respondi\-volume\-10 \- Mario Persona.md
mv /opt/lampp/htdocs/mdBook/content/respondi\-volume\-11\ \-\ Mario\ Persona.md /opt/lampp/htdocs/mdBook/content/respondi\-volume\-11 \- Mario Persona.md
mv /opt/lampp/htdocs/mdBook/content/reuniao\-de\-oracao\ \-\ Desconhecido.md /opt/lampp/htdocs/mdBook/content/reuniao\-de\-oracao \- Desconhecido.md
mv /opt/lampp/htdocs/mdBook/content/santificacao\-c.\-h.\-mackintosh\ \-\ C.\ H.\ Mackintosh.md /opt/lampp/htdocs/mdBook/content/santificacao\-c.\-h.\-mackintosh \- C. H. Mackintosh.md
mv /opt/lampp/htdocs/mdBook/content/SEGUIR\-A\-CRISTO\-J\-N\-DARBY\ \-\ J.\ N.\ Darby.md /opt/lampp/htdocs/mdBook/content/SEGUIR\-A\-CRISTO\-J\-N\-DARBY \- J. N. Darby.md
mv /opt/lampp/htdocs/mdBook/content/seguranca\-certeza\-e\-gozo\-da\-salvacao\-etern\ \-\ G.\ Cutting.md /opt/lampp/htdocs/mdBook/content/seguranca\-certeza\-e\-gozo\-da\-salvacao\-etern \- G. Cutting.md
mv /opt/lampp/htdocs/mdBook/content/SEGURANCA\-ETERNA\ \-\ Desconhecido.md /opt/lampp/htdocs/mdBook/content/SEGURANCA\-ETERNA \- Desconhecido.md
mv /opt/lampp/htdocs/mdBook/content/SEUS\-ELEITOS\-WILLIAM\-KELLY\ \-\ W.\ Kelly.md /opt/lampp/htdocs/mdBook/content/SEUS\-ELEITOS\-WILLIAM\-KELLY \- W. Kelly.md
mv /opt/lampp/htdocs/mdBook/content/soberania\-e\-responsabilidade\-f\-b\-hole\ \-\ F.\ B.\ Hole.md /opt/lampp/htdocs/mdBook/content/soberania\-e\-responsabilidade\-f\-b\-hole \- F. B. Hole.md
mv /opt/lampp/htdocs/mdBook/content/SOFRIMENTO\-HUMANO\-E\-CUIDADO\-DIVINO\ \-\ Desconhecido.md /opt/lampp/htdocs/mdBook/content/SOFRIMENTO\-HUMANO\-E\-CUIDADO\-DIVINO \- Desconhecido.md
mv /opt/lampp/htdocs/mdBook/content/sucesso\-c.\-h.\-brown\ \-\ C.\ H.\ brown.md /opt/lampp/htdocs/mdBook/content/sucesso\-c.\-h.\-brown \- C. H. brown.md
mv /opt/lampp/htdocs/mdBook/content/televisao\-paul\-wilson\ \-\ Paul\ Wilson.md /opt/lampp/htdocs/mdBook/content/televisao\-paul\-wilson \- Paul Wilson.md
mv /opt/lampp/htdocs/mdBook/content/TEMPOS\-DIFICEIS\ \-\ Desconhecido.md /opt/lampp/htdocs/mdBook/content/TEMPOS\-DIFICEIS \- Desconhecido.md
mv /opt/lampp/htdocs/mdBook/content/teologia\-do\-pacto\-ou\-dispensacoes\ \-\ Bruce\ Anstey.md /opt/lampp/htdocs/mdBook/content/teologia\-do\-pacto\-ou\-dispensacoes \- Bruce Anstey.md
mv /opt/lampp/htdocs/mdBook/content/Uma\-carta\-sobre\-louvar\-a\-homens\-John\-Nelso\ \-\ J.\ N.\ Darby.md /opt/lampp/htdocs/mdBook/content/Uma\-carta\-sobre\-louvar\-a\-homens\-John\-Nelso \- J. N. Darby.md
mv /opt/lampp/htdocs/mdBook/content/uma\-palavra\-sobre\-noivado\-gordon\-h.\-hayhoe\ \-\ G.\ H.\ Hayhoe.md /opt/lampp/htdocs/mdBook/content/uma\-palavra\-sobre\-noivado\-gordon\-h.\-hayhoe \- G. H. Hayhoe.md
mv /opt/lampp/htdocs/mdBook/content/uma\-variedade\-de\-reunioes\-bruce\-anstey\ \-\ Bruce\ Anstey.md /opt/lampp/htdocs/mdBook/content/uma\-variedade\-de\-reunioes\-bruce\-anstey \- Bruce Anstey.md
mv /opt/lampp/htdocs/mdBook/content/uma\-voz\-mansa\-e\-delicada\-clarence\-lunden\ \-\ Clarence\ Lunden.md /opt/lampp/htdocs/mdBook/content/uma\-voz\-mansa\-e\-delicada\-clarence\-lunden \- Clarence Lunden.md
mv /opt/lampp/htdocs/mdBook/content/um\-deus\-justo\-e\-salvador\-j.\-n.\-darby\ \-\ J.\ N.\ Darby.md /opt/lampp/htdocs/mdBook/content/um\-deus\-justo\-e\-salvador\-j.\-n.\-darby \- J. N. Darby.md
mv /opt/lampp/htdocs/mdBook/content/um\-so\-corpo\-na\-pratica\ \-\ Bruce\ Anstey.md /opt/lampp/htdocs/mdBook/content/um\-so\-corpo\-na\-pratica \- Bruce Anstey.md
mv /opt/lampp/htdocs/mdBook/content/unidade\ \-\ C.\ H.\ Mackintosh.md /opt/lampp/htdocs/mdBook/content/unidade \- C. H. Mackintosh.md
mv /opt/lampp/htdocs/mdBook/content/UTIL\-G\-V\-WIGRAM\ \-\ G.\ V.\ Wigram.md /opt/lampp/htdocs/mdBook/content/UTIL\-G\-V\-WIGRAM \- G. V. Wigram.md
mv /opt/lampp/htdocs/mdBook/content/vem\-mostrar\-te\-ei\-w.\-potter\ \-\ W.\ Potter.md /opt/lampp/htdocs/mdBook/content/vem\-mostrar\-te\-ei\-w.\-potter \- W. Potter.md
mv /opt/lampp/htdocs/mdBook/content/vida\-atraves\-da\-morte\-charles\-stanley\ \-\ Charles\ Stanley.md /opt/lampp/htdocs/mdBook/content/vida\-atraves\-da\-morte\-charles\-stanley \- Charles Stanley.md
mv /opt/lampp/htdocs/mdBook/content/voce\-parte\-o\-pao\ \-e.\-h.\-chater\ \-\ E.\ H.\ Chater.md /opt/lampp/htdocs/mdBook/content/voce\-parte\-o\-pao \-e.\-h.\-chater \- E. H. Chater.md

